[{"model": "admin.logentry", "pk": 1, "fields": {"action_time": "2022-10-24T18:40:45.230Z", "user": 1, "content_type": 7, "object_id": "1", "object_repr": "shoes", "action_flag": 1, "change_message": "[{\"added\": {}}]"}}, {"model": "admin.logentry", "pk": 2, "fields": {"action_time": "2022-10-24T18:40:52.482Z", "user": 1, "content_type": 7, "object_id": "2", "object_repr": "shirts", "action_flag": 1, "change_message": "[{\"added\": {}}]"}}, {"model": "admin.logentry", "pk": 3, "fields": {"action_time": "2022-10-24T18:42:05.021Z", "user": 1, "content_type": 8, "object_id": "1", "object_repr": "Marvin's brown shoes", "action_flag": 1, "change_message": "[{\"added\": {}}]"}}, {"model": "admin.logentry", "pk": 4, "fields": {"action_time": "2022-10-24T18:43:03.869Z", "user": 1, "content_type": 8, "object_id": "2", "object_repr": "Marvin's black shoes", "action_flag": 1, "change_message": "[{\"added\": {}}]"}}, {"model": "admin.logentry", "pk": 5, "fields": {"action_time": "2022-10-24T18:43:43.885Z", "user": 1, "content_type": 8, "object_id": "3", "object_repr": "Mineral blue shirt", "action_flag": 1, "change_message": "[{\"added\": {}}]"}}, {"model": "admin.logentry", "pk": 6, "fields": {"action_time": "2022-10-24T18:44:15.297Z", "user": 1, "content_type": 8, "object_id": "4", "object_repr": "Dark green shirt", "action_flag": 1, "change_message": "[{\"added\": {}}]"}}, {"model": "admin.logentry", "pk": 7, "fields": {"action_time": "2022-10-24T18:44:41.333Z", "user": 1, "content_type": 8, "object_id": "4", "object_repr": "Dark green shirt", "action_flag": 2, "change_message": "[]"}}, {"model": "admin.logentry", "pk": 8, "fields": {"action_time": "2022-10-27T13:54:11.069Z", "user": 1, "content_type": 4, "object_id": "2", "object_repr": "John", "action_flag": 3, "change_message": ""}}, {"model": "admin.logentry", "pk": 9, "fields": {"action_time": "2022-10-27T13:54:11.083Z", "user": 1, "content_type": 4, "object_id": "3", "object_repr": "Mark", "action_flag": 3, "change_message": ""}}, {"model": "admin.logentry", "pk": 10, "fields": {"action_time": "2022-10-27T13:54:11.095Z", "user": 1, "content_type": 4, "object_id": "4", "object_repr": "Mark2", "action_flag": 3, "change_message": ""}}, {"model": "admin.logentry", "pk": 11, "fields": {"action_time": "2022-10-27T13:59:40.715Z", "user": 1, "content_type": 4, "object_id": "5", "object_repr": "Jane", "action_flag": 3, "change_message": ""}}, {"model": "admin.logentry", "pk": 12, "fields": {"action_time": "2022-10-27T14:01:47.878Z", "user": 1, "content_type": 4, "object_id": "7", "object_repr": "kyle", "action_flag": 3, "change_message": ""}}, {"model": "admin.logentry", "pk": 13, "fields": {"action_time": "2022-10-27T14:01:47.891Z", "user": 1, "content_type": 4, "object_id": "6", "object_repr": "mark", "action_flag": 3, "change_message": ""}}, {"model": "admin.logentry", "pk": 14, "fields": {"action_time": "2022-10-27T14:02:41.151Z", "user": 1, "content_type": 4, "object_id": "8", "object_repr": "john", "action_flag": 3, "change_message": ""}}, {"model": "admin.logentry", "pk": 15, "fields": {"action_time": "2022-10-27T14:07:53.036Z", "user": 1, "content_type": 4, "object_id": "10", "object_repr": "sarah", "action_flag": 3, "change_message": ""}}, {"model": "admin.logentry", "pk": 16, "fields": {"action_time": "2022-10-27T14:07:56.743Z", "user": 1, "content_type": 4, "object_id": "9", "object_repr": "anton", "action_flag": 3, "change_message": ""}}, {"model": "admin.logentry", "pk": 17, "fields": {"action_time": "2022-10-27T14:08:43.539Z", "user": 1, "content_type": 4, "object_id": "11", "object_repr": "anton", "action_flag": 3, "change_message": ""}}, {"model": "admin.logentry", "pk": 18, "fields": {"action_time": "2022-10-27T14:10:21.299Z", "user": 1, "content_type": 4, "object_id": "12", "object_repr": "mark", "action_flag": 3, "change_message": ""}}, {"model": "admin.logentry", "pk": 19, "fields": {"action_time": "2022-10-27T14:12:27.650Z", "user": 1, "content_type": 4, "object_id": "13", "object_repr": "jake", "action_flag": 3, "change_message": ""}}, {"model": "admin.logentry", "pk": 20, "fields": {"action_time": "2022-10-27T14:16:25.086Z", "user": 1, "content_type": 4, "object_id": "14", "object_repr": "jane", "action_flag": 3, "change_message": ""}}, {"model": "admin.logentry", "pk": 21, "fields": {"action_time": "2022-10-27T14:16:29.253Z", "user": 1, "content_type": 4, "object_id": "15", "object_repr": "Alek", "action_flag": 3, "change_message": ""}}, {"model": "admin.logentry", "pk": 22, "fields": {"action_time": "2022-10-27T14:18:12.977Z", "user": 1, "content_type": 4, "object_id": "16", "object_repr": "jane", "action_flag": 3, "change_message": ""}}, {"model": "admin.logentry", "pk": 23, "fields": {"action_time": "2022-10-27T18:19:38.753Z", "user": 1, "content_type": 4, "object_id": "17", "object_repr": "jake", "action_flag": 3, "change_message": ""}}, {"model": "admin.logentry", "pk": 24, "fields": {"action_time": "2022-10-27T19:17:01.371Z", "user": 1, "content_type": 4, "object_id": "19", "object_repr": "Jane", "action_flag": 3, "change_message": ""}}, {"model": "admin.logentry", "pk": 25, "fields": {"action_time": "2022-10-27T19:17:01.385Z", "user": 1, "content_type": 4, "object_id": "18", "object_repr": "mark", "action_flag": 3, "change_message": ""}}, {"model": "admin.logentry", "pk": 26, "fields": {"action_time": "2022-10-27T20:04:35.612Z", "user": 1, "content_type": 4, "object_id": "20", "object_repr": "Anton", "action_flag": 3, "change_message": ""}}, {"model": "admin.logentry", "pk": 27, "fields": {"action_time": "2022-10-27T20:20:48.396Z", "user": 1, "content_type": 4, "object_id": "22", "object_repr": "Paul", "action_flag": 3, "change_message": ""}}, {"model": "admin.logentry", "pk": 28, "fields": {"action_time": "2022-10-27T20:20:48.410Z", "user": 1, "content_type": 4, "object_id": "21", "object_repr": "Reef", "action_flag": 3, "change_message": ""}}, {"model": "admin.logentry", "pk": 29, "fields": {"action_time": "2022-10-27T20:46:52.764Z", "user": 1, "content_type": 4, "object_id": "23", "object_repr": "Anton", "action_flag": 3, "change_message": ""}}, {"model": "admin.logentry", "pk": 30, "fields": {"action_time": "2022-10-28T09:17:58.317Z", "user": 1, "content_type": 4, "object_id": "25", "object_repr": "Dennis", "action_flag": 3, "change_message": ""}}, {"model": "admin.logentry", "pk": 31, "fields": {"action_time": "2022-10-28T09:44:35.641Z", "user": 1, "content_type": 4, "object_id": "24", "object_repr": "Anton", "action_flag": 3, "change_message": ""}}, {"model": "admin.logentry", "pk": 32, "fields": {"action_time": "2022-10-28T16:27:54.300Z", "user": 1, "content_type": 4, "object_id": "27", "object_repr": "mark", "action_flag": 1, "change_message": "[{\"added\": {}}]"}}, {"model": "admin.logentry", "pk": 33, "fields": {"action_time": "2022-10-28T16:28:02.974Z", "user": 1, "content_type": 4, "object_id": "27", "object_repr": "mark", "action_flag": 2, "change_message": "[{\"changed\": {\"fields\": [\"Email address\"]}}]"}}, {"model": "admin.logentry", "pk": 34, "fields": {"action_time": "2022-10-28T16:28:18.686Z", "user": 1, "content_type": 4, "object_id": "27", "object_repr": "mark", "action_flag": 2, "change_message": "[{\"changed\": {\"fields\": [\"Email address\"]}}]"}}, {"model": "admin.logentry", "pk": 35, "fields": {"action_time": "2022-10-28T17:10:38.224Z", "user": 1, "content_type": 4, "object_id": "27", "object_repr": "mark", "action_flag": 3, "change_message": ""}}, {"model": "admin.logentry", "pk": 36, "fields": {"action_time": "2022-10-28T17:12:36.231Z", "user": 1, "content_type": 4, "object_id": "28", "object_repr": "test", "action_flag": 1, "change_message": "[{\"added\": {}}]"}}, {"model": "admin.logentry", "pk": 37, "fields": {"action_time": "2022-10-28T17:12:55.244Z", "user": 1, "content_type": 4, "object_id": "28", "object_repr": "test", "action_flag": 3, "change_message": ""}}, {"model": "admin.logentry", "pk": 38, "fields": {"action_time": "2022-10-28T17:13:49.936Z", "user": 1, "content_type": 4, "object_id": "29", "object_repr": "test", "action_flag": 1, "change_message": "[{\"added\": {}}]"}}, {"model": "admin.logentry", "pk": 39, "fields": {"action_time": "2022-10-28T17:14:14.524Z", "user": 1, "content_type": 4, "object_id": "29", "object_repr": "test", "action_flag": 2, "change_message": "[{\"changed\": {\"fields\": [\"Email address\"]}}]"}}, {"model": "admin.logentry", "pk": 40, "fields": {"action_time": "2022-10-28T19:24:53.947Z", "user": 1, "content_type": 4, "object_id": "30", "object_repr": "test2", "action_flag": 1, "change_message": "[{\"added\": {}}]"}}, {"model": "admin.logentry", "pk": 41, "fields": {"action_time": "2022-10-28T19:24:58.228Z", "user": 1, "content_type": 4, "object_id": "30", "object_repr": "test2", "action_flag": 2, "change_message": "[{\"changed\": {\"fields\": [\"Email address\"]}}]"}}, {"model": "admin.logentry", "pk": 42, "fields": {"action_time": "2022-10-30T13:30:16.334Z", "user": 1, "content_type": 4, "object_id": "31", "object_repr": "test2", "action_flag": 1, "change_message": "[{\"added\": {}}]"}}, {"model": "admin.logentry", "pk": 43, "fields": {"action_time": "2022-10-30T13:30:22.965Z", "user": 1, "content_type": 4, "object_id": "31", "object_repr": "test2", "action_flag": 2, "change_message": "[{\"changed\": {\"fields\": [\"Email address\"]}}]"}}, {"model": "admin.logentry", "pk": 44, "fields": {"action_time": "2022-10-30T14:17:30.792Z", "user": 1, "content_type": 4, "object_id": "32", "object_repr": "test2", "action_flag": 1, "change_message": "[{\"added\": {}}]"}}, {"model": "admin.logentry", "pk": 45, "fields": {"action_time": "2022-10-30T14:17:36.921Z", "user": 1, "content_type": 4, "object_id": "32", "object_repr": "test2", "action_flag": 2, "change_message": "[{\"changed\": {\"fields\": [\"Email address\"]}}]"}}, {"model": "admin.logentry", "pk": 46, "fields": {"action_time": "2022-10-30T15:42:51.014Z", "user": 1, "content_type": 9, "object_id": "1", "object_repr": "Shipping Address - 1", "action_flag": 1, "change_message": "[{\"added\": {}}]"}}, {"model": "admin.logentry", "pk": 47, "fields": {"action_time": "2022-10-30T15:43:17.375Z", "user": 1, "content_type": 9, "object_id": "1", "object_repr": "Shipping Address - 1", "action_flag": 3, "change_message": ""}}, {"model": "admin.logentry", "pk": 48, "fields": {"action_time": "2022-10-30T17:37:30.708Z", "user": 1, "content_type": 4, "object_id": "33", "object_repr": "test2", "action_flag": 1, "change_message": "[{\"added\": {}}]"}}, {"model": "admin.logentry", "pk": 49, "fields": {"action_time": "2022-10-30T17:37:50.589Z", "user": 1, "content_type": 4, "object_id": "33", "object_repr": "test2", "action_flag": 2, "change_message": "[{\"changed\": {\"fields\": [\"Email address\"]}}]"}}, {"model": "admin.logentry", "pk": 50, "fields": {"action_time": "2022-10-30T17:41:39.940Z", "user": 1, "content_type": 4, "object_id": "33", "object_repr": "test2", "action_flag": 3, "change_message": ""}}, {"model": "admin.logentry", "pk": 51, "fields": {"action_time": "2022-10-30T17:42:24.357Z", "user": 1, "content_type": 4, "object_id": "34", "object_repr": "test2", "action_flag": 1, "change_message": "[{\"added\": {}}]"}}, {"model": "admin.logentry", "pk": 52, "fields": {"action_time": "2022-10-30T17:42:46.058Z", "user": 1, "content_type": 4, "object_id": "34", "object_repr": "test2", "action_flag": 2, "change_message": "[{\"changed\": {\"fields\": [\"Email address\"]}}]"}}, {"model": "admin.logentry", "pk": 53, "fields": {"action_time": "2022-10-30T18:00:26.196Z", "user": 1, "content_type": 10, "object_id": "1", "object_repr": "Order - #1", "action_flag": 1, "change_message": "[{\"added\": {}}]"}}, {"model": "admin.logentry", "pk": 54, "fields": {"action_time": "2022-10-30T18:00:33.779Z", "user": 1, "content_type": 10, "object_id": "1", "object_repr": "Order - #1", "action_flag": 2, "change_message": "[{\"changed\": {\"fields\": [\"User\"]}}]"}}, {"model": "admin.logentry", "pk": 55, "fields": {"action_time": "2022-10-30T18:00:49.230Z", "user": 1, "content_type": 10, "object_id": "1", "object_repr": "Order - #1", "action_flag": 3, "change_message": ""}}, {"model": "admin.logentry", "pk": 56, "fields": {"action_time": "2022-10-30T19:05:43.708Z", "user": 1, "content_type": 10, "object_id": "2", "object_repr": "Order - #2", "action_flag": 3, "change_message": ""}}, {"model": "admin.logentry", "pk": 57, "fields": {"action_time": "2022-10-30T19:17:32.784Z", "user": 1, "content_type": 10, "object_id": "3", "object_repr": "Order - #3", "action_flag": 3, "change_message": ""}}, {"model": "admin.logentry", "pk": 58, "fields": {"action_time": "2022-10-30T19:20:08.372Z", "user": 1, "content_type": 10, "object_id": "4", "object_repr": "Order - #4", "action_flag": 3, "change_message": ""}}, {"model": "admin.logentry", "pk": 59, "fields": {"action_time": "2022-10-30T19:25:51.037Z", "user": 1, "content_type": 10, "object_id": "8", "object_repr": "Order - #8", "action_flag": 3, "change_message": ""}}, {"model": "admin.logentry", "pk": 60, "fields": {"action_time": "2022-10-30T19:25:51.052Z", "user": 1, "content_type": 10, "object_id": "7", "object_repr": "Order - #7", "action_flag": 3, "change_message": ""}}, {"model": "admin.logentry", "pk": 61, "fields": {"action_time": "2022-10-30T19:25:51.065Z", "user": 1, "content_type": 10, "object_id": "6", "object_repr": "Order - #6", "action_flag": 3, "change_message": ""}}, {"model": "admin.logentry", "pk": 62, "fields": {"action_time": "2022-10-30T19:25:51.078Z", "user": 1, "content_type": 10, "object_id": "5", "object_repr": "Order - #5", "action_flag": 3, "change_message": ""}}, {"model": "admin.logentry", "pk": 63, "fields": {"action_time": "2022-10-30T19:48:39.296Z", "user": 1, "content_type": 10, "object_id": "10", "object_repr": "Order - #10", "action_flag": 3, "change_message": ""}}, {"model": "admin.logentry", "pk": 64, "fields": {"action_time": "2022-10-30T19:48:39.315Z", "user": 1, "content_type": 10, "object_id": "9", "object_repr": "Order - #9", "action_flag": 3, "change_message": ""}}, {"model": "admin.logentry", "pk": 65, "fields": {"action_time": "2022-10-30T19:58:27.724Z", "user": 1, "content_type": 10, "object_id": "12", "object_repr": "Order - #12", "action_flag": 3, "change_message": ""}}, {"model": "admin.logentry", "pk": 66, "fields": {"action_time": "2022-10-30T19:58:27.740Z", "user": 1, "content_type": 10, "object_id": "11", "object_repr": "Order - #11", "action_flag": 3, "change_message": ""}}, {"model": "admin.logentry", "pk": 67, "fields": {"action_time": "2022-10-30T20:08:30.058Z", "user": 1, "content_type": 10, "object_id": "13", "object_repr": "Order - #13", "action_flag": 3, "change_message": ""}}, {"model": "admin.logentry", "pk": 68, "fields": {"action_time": "2022-10-30T20:12:20.361Z", "user": 1, "content_type": 10, "object_id": "15", "object_repr": "Order - #15", "action_flag": 3, "change_message": ""}}, {"model": "admin.logentry", "pk": 69, "fields": {"action_time": "2022-10-30T20:12:20.374Z", "user": 1, "content_type": 10, "object_id": "14", "object_repr": "Order - #14", "action_flag": 3, "change_message": ""}}, {"model": "admin.logentry", "pk": 70, "fields": {"action_time": "2022-10-30T20:19:01.573Z", "user": 1, "content_type": 10, "object_id": "16", "object_repr": "Order - #16", "action_flag": 3, "change_message": ""}}, {"model": "admin.logentry", "pk": 71, "fields": {"action_time": "2022-10-30T20:32:20.378Z", "user": 1, "content_type": 10, "object_id": "20", "object_repr": "Order - #20", "action_flag": 3, "change_message": ""}}, {"model": "admin.logentry", "pk": 72, "fields": {"action_time": "2022-10-30T20:32:20.399Z", "user": 1, "content_type": 10, "object_id": "19", "object_repr": "Order - #19", "action_flag": 3, "change_message": ""}}, {"model": "admin.logentry", "pk": 73, "fields": {"action_time": "2022-10-30T20:32:20.411Z", "user": 1, "content_type": 10, "object_id": "18", "object_repr": "Order - #18", "action_flag": 3, "change_message": ""}}, {"model": "admin.logentry", "pk": 74, "fields": {"action_time": "2022-10-30T20:32:20.424Z", "user": 1, "content_type": 10, "object_id": "17", "object_repr": "Order - #17", "action_flag": 3, "change_message": ""}}, {"model": "admin.logentry", "pk": 75, "fields": {"action_time": "2022-10-30T21:30:04.948Z", "user": 1, "content_type": 10, "object_id": "24", "object_repr": "Order - #24", "action_flag": 3, "change_message": ""}}, {"model": "admin.logentry", "pk": 76, "fields": {"action_time": "2022-10-30T21:30:04.971Z", "user": 1, "content_type": 10, "object_id": "23", "object_repr": "Order - #23", "action_flag": 3, "change_message": ""}}, {"model": "admin.logentry", "pk": 77, "fields": {"action_time": "2022-10-30T21:30:04.985Z", "user": 1, "content_type": 10, "object_id": "22", "object_repr": "Order - #22", "action_flag": 3, "change_message": ""}}, {"model": "admin.logentry", "pk": 78, "fields": {"action_time": "2022-10-30T21:30:04.997Z", "user": 1, "content_type": 10, "object_id": "21", "object_repr": "Order - #21", "action_flag": 3, "change_message": ""}}, {"model": "admin.logentry", "pk": 79, "fields": {"action_time": "2022-10-30T21:31:25.362Z", "user": 1, "content_type": 10, "object_id": "25", "object_repr": "Order - #25", "action_flag": 3, "change_message": ""}}, {"model": "admin.logentry", "pk": 80, "fields": {"action_time": "2022-10-30T21:31:29.435Z", "user": 1, "content_type": 11, "object_id": "25", "object_repr": "Order item - #25", "action_flag": 3, "change_message": ""}}, {"model": "admin.logentry", "pk": 81, "fields": {"action_time": "2022-10-30T21:37:25.529Z", "user": 1, "content_type": 10, "object_id": "27", "object_repr": "Order - #27", "action_flag": 3, "change_message": ""}}, {"model": "admin.logentry", "pk": 82, "fields": {"action_time": "2022-10-30T21:37:25.553Z", "user": 1, "content_type": 10, "object_id": "26", "object_repr": "Order - #26", "action_flag": 3, "change_message": ""}}, {"model": "admin.logentry", "pk": 83, "fields": {"action_time": "2022-10-30T21:44:16.082Z", "user": 1, "content_type": 10, "object_id": "32", "object_repr": "Order - #32", "action_flag": 3, "change_message": ""}}, {"model": "admin.logentry", "pk": 84, "fields": {"action_time": "2022-10-30T21:44:16.105Z", "user": 1, "content_type": 10, "object_id": "31", "object_repr": "Order - #31", "action_flag": 3, "change_message": ""}}, {"model": "admin.logentry", "pk": 85, "fields": {"action_time": "2022-10-30T21:44:16.118Z", "user": 1, "content_type": 10, "object_id": "30", "object_repr": "Order - #30", "action_flag": 3, "change_message": ""}}, {"model": "admin.logentry", "pk": 86, "fields": {"action_time": "2022-10-30T21:44:16.132Z", "user": 1, "content_type": 10, "object_id": "29", "object_repr": "Order - #29", "action_flag": 3, "change_message": ""}}, {"model": "admin.logentry", "pk": 87, "fields": {"action_time": "2022-10-30T21:44:16.144Z", "user": 1, "content_type": 10, "object_id": "28", "object_repr": "Order - #28", "action_flag": 3, "change_message": ""}}, {"model": "admin.logentry", "pk": 88, "fields": {"action_time": "2022-10-30T21:45:42.023Z", "user": 1, "content_type": 10, "object_id": "33", "object_repr": "Order - #33", "action_flag": 1, "change_message": "[{\"added\": {}}]"}}, {"model": "admin.logentry", "pk": 89, "fields": {"action_time": "2022-10-30T21:45:51.689Z", "user": 1, "content_type": 11, "object_id": "26", "object_repr": "Order item - #26", "action_flag": 1, "change_message": "[{\"added\": {}}]"}}, {"model": "admin.logentry", "pk": 90, "fields": {"action_time": "2022-10-30T21:45:59.805Z", "user": 1, "content_type": 11, "object_id": "26", "object_repr": "Order item - #26", "action_flag": 3, "change_message": ""}}, {"model": "admin.logentry", "pk": 91, "fields": {"action_time": "2022-10-30T21:46:05.738Z", "user": 1, "content_type": 10, "object_id": "33", "object_repr": "Order - #33", "action_flag": 3, "change_message": ""}}, {"model": "admin.logentry", "pk": 92, "fields": {"action_time": "2022-10-30T21:52:08.026Z", "user": 1, "content_type": 10, "object_id": "35", "object_repr": "Order - #35", "action_flag": 3, "change_message": ""}}, {"model": "admin.logentry", "pk": 93, "fields": {"action_time": "2022-10-30T21:52:14.465Z", "user": 1, "content_type": 10, "object_id": "34", "object_repr": "Order - #34", "action_flag": 3, "change_message": ""}}, {"model": "admin.logentry", "pk": 94, "fields": {"action_time": "2022-10-30T21:53:24.848Z", "user": 1, "content_type": 11, "object_id": "29", "object_repr": "Order item - #29", "action_flag": 3, "change_message": ""}}, {"model": "admin.logentry", "pk": 95, "fields": {"action_time": "2022-10-30T21:53:24.864Z", "user": 1, "content_type": 11, "object_id": "28", "object_repr": "Order item - #28", "action_flag": 3, "change_message": ""}}, {"model": "admin.logentry", "pk": 96, "fields": {"action_time": "2022-10-30T21:54:53.763Z", "user": 1, "content_type": 10, "object_id": "36", "object_repr": "Order - #36", "action_flag": 3, "change_message": ""}}, {"model": "admin.logentry", "pk": 97, "fields": {"action_time": "2022-10-30T23:53:59.408Z", "user": 1, "content_type": 10, "object_id": "2", "object_repr": "Order - #2", "action_flag": 3, "change_message": ""}}, {"model": "admin.logentry", "pk": 98, "fields": {"action_time": "2022-10-30T23:53:59.424Z", "user": 1, "content_type": 10, "object_id": "1", "object_repr": "Order - #1", "action_flag": 3, "change_message": ""}}, {"model": "admin.logentry", "pk": 99, "fields": {"action_time": "2022-10-31T00:12:37.306Z", "user": 1, "content_type": 10, "object_id": "3", "object_repr": "Order - #3", "action_flag": 3, "change_message": ""}}, {"model": "admin.logentry", "pk": 100, "fields": {"action_time": "2022-10-31T00:14:04.870Z", "user": 1, "content_type": 10, "object_id": "4", "object_repr": "Order - #4", "action_flag": 3, "change_message": ""}}, {"model": "admin.logentry", "pk": 101, "fields": {"action_time": "2022-10-31T19:50:14.227Z", "user": 1, "content_type": 10, "object_id": "10", "object_repr": "Order - #10", "action_flag": 3, "change_message": ""}}, {"model": "admin.logentry", "pk": 102, "fields": {"action_time": "2022-10-31T19:50:14.242Z", "user": 1, "content_type": 10, "object_id": "9", "object_repr": "Order - #9", "action_flag": 3, "change_message": ""}}, {"model": "admin.logentry", "pk": 103, "fields": {"action_time": "2022-10-31T19:50:14.254Z", "user": 1, "content_type": 10, "object_id": "8", "object_repr": "Order - #8", "action_flag": 3, "change_message": ""}}, {"model": "admin.logentry", "pk": 104, "fields": {"action_time": "2022-10-31T19:50:14.267Z", "user": 1, "content_type": 10, "object_id": "7", "object_repr": "Order - #7", "action_flag": 3, "change_message": ""}}, {"model": "admin.logentry", "pk": 105, "fields": {"action_time": "2022-10-31T19:50:14.280Z", "user": 1, "content_type": 10, "object_id": "6", "object_repr": "Order - #6", "action_flag": 3, "change_message": ""}}, {"model": "admin.logentry", "pk": 106, "fields": {"action_time": "2022-10-31T19:50:14.294Z", "user": 1, "content_type": 10, "object_id": "5", "object_repr": "Order - #5", "action_flag": 3, "change_message": ""}}, {"model": "admin.logentry", "pk": 107, "fields": {"action_time": "2022-10-31T19:58:41.726Z", "user": 1, "content_type": 10, "object_id": "11", "object_repr": "Order - #11", "action_flag": 3, "change_message": ""}}, {"model": "admin.logentry", "pk": 108, "fields": {"action_time": "2022-10-31T22:13:34.868Z", "user": 1, "content_type": 4, "object_id": "29", "object_repr": "test", "action_flag": 3, "change_message": ""}}, {"model": "admin.logentry", "pk": 109, "fields": {"action_time": "2022-10-31T22:13:40.125Z", "user": 1, "content_type": 4, "object_id": "34", "object_repr": "test2", "action_flag": 3, "change_message": ""}}, {"model": "admin.logentry", "pk": 110, "fields": {"action_time": "2022-10-31T23:41:54.681Z", "user": 1, "content_type": 8, "object_id": "5", "object_repr": "Slim fit retro shirt", "action_flag": 1, "change_message": "[{\"added\": {}}]"}}, {"model": "admin.logentry", "pk": 111, "fields": {"action_time": "2022-11-01T00:11:22.007Z", "user": 1, "content_type": 8, "object_id": "5", "object_repr": "Slim fit retro shirt", "action_flag": 3, "change_message": ""}}, {"model": "admin.logentry", "pk": 112, "fields": {"action_time": "2022-11-01T00:14:53.123Z", "user": 1, "content_type": 8, "object_id": "6", "object_repr": "Slim fit retro shirt", "action_flag": 1, "change_message": "[{\"added\": {}}]"}}, {"model": "admin.logentry", "pk": 113, "fields": {"action_time": "2022-11-01T00:18:53.809Z", "user": 1, "content_type": 8, "object_id": "6", "object_repr": "Slim fit retro shirt", "action_flag": 3, "change_message": ""}}, {"model": "admin.logentry", "pk": 114, "fields": {"action_time": "2022-11-01T16:52:58.224Z", "user": 1, "content_type": 10, "object_id": "18", "object_repr": "Order - #18", "action_flag": 3, "change_message": ""}}, {"model": "admin.logentry", "pk": 115, "fields": {"action_time": "2022-11-01T16:52:58.257Z", "user": 1, "content_type": 10, "object_id": "15", "object_repr": "Order - #15", "action_flag": 3, "change_message": ""}}, {"model": "admin.logentry", "pk": 116, "fields": {"action_time": "2022-11-01T16:52:58.276Z", "user": 1, "content_type": 10, "object_id": "14", "object_repr": "Order - #14", "action_flag": 3, "change_message": ""}}, {"model": "admin.logentry", "pk": 117, "fields": {"action_time": "2022-11-01T16:52:58.292Z", "user": 1, "content_type": 10, "object_id": "12", "object_repr": "Order - #12", "action_flag": 3, "change_message": ""}}, {"model": "admin.logentry", "pk": 118, "fields": {"action_time": "2022-11-01T17:26:15.557Z", "user": 1, "content_type": 8, "object_id": "7", "object_repr": "Cotton shirt", "action_flag": 1, "change_message": "[{\"added\": {}}]"}}, {"model": "admin.logentry", "pk": 119, "fields": {"action_time": "2022-11-01T17:26:45.458Z", "user": 1, "content_type": 8, "object_id": "8", "object_repr": "Regular fit travel shirt", "action_flag": 1, "change_message": "[{\"added\": {}}]"}}, {"model": "admin.logentry", "pk": 120, "fields": {"action_time": "2022-11-01T17:27:32.704Z", "user": 1, "content_type": 8, "object_id": "9", "object_repr": "Clive Derby", "action_flag": 1, "change_message": "[{\"added\": {}}]"}}, {"model": "admin.logentry", "pk": 121, "fields": {"action_time": "2022-11-01T17:34:03.801Z", "user": 1, "content_type": 8, "object_id": "10", "object_repr": "Knighton shoes", "action_flag": 1, "change_message": "[{\"added\": {}}]"}}, {"model": "admin.logentry", "pk": 122, "fields": {"action_time": "2022-11-01T17:34:28.303Z", "user": 1, "content_type": 8, "object_id": "11", "object_repr": "Faux leather", "action_flag": 1, "change_message": "[{\"added\": {}}]"}}, {"model": "admin.logentry", "pk": 123, "fields": {"action_time": "2022-11-01T17:35:03.529Z", "user": 1, "content_type": 8, "object_id": "12", "object_repr": "Formal slim fit shirt", "action_flag": 1, "change_message": "[{\"added\": {}}]"}}, {"model": "admin.logentry", "pk": 124, "fields": {"action_time": "2022-11-01T17:35:39.159Z", "user": 1, "content_type": 8, "object_id": "13", "object_repr": "Semi-formal shirt", "action_flag": 1, "change_message": "[{\"added\": {}}]"}}, {"model": "admin.logentry", "pk": 125, "fields": {"action_time": "2022-11-01T17:36:12.316Z", "user": 1, "content_type": 8, "object_id": "10", "object_repr": "Knighton shoes", "action_flag": 3, "change_message": ""}}, {"model": "admin.logentry", "pk": 126, "fields": {"action_time": "2022-11-01T18:01:37.894Z", "user": 1, "content_type": 4, "object_id": "35", "object_repr": "Arno", "action_flag": 3, "change_message": ""}}, {"model": "admin.logentry", "pk": 127, "fields": {"action_time": "2022-11-01T18:08:29.823Z", "user": 1, "content_type": 4, "object_id": "36", "object_repr": "Arno", "action_flag": 1, "change_message": "[{\"added\": {}}]"}}, {"model": "admin.logentry", "pk": 128, "fields": {"action_time": "2022-11-01T18:08:40.268Z", "user": 1, "content_type": 4, "object_id": "36", "object_repr": "Arno", "action_flag": 2, "change_message": "[{\"changed\": {\"fields\": [\"Email address\"]}}]"}}, {"model": "admin.logentry", "pk": 129, "fields": {"action_time": "2022-11-01T19:20:46.179Z", "user": 1, "content_type": 8, "object_id": "13", "object_repr": "Semi-formal shirt", "action_flag": 3, "change_message": ""}}, {"model": "admin.logentry", "pk": 130, "fields": {"action_time": "2022-11-01T19:20:46.192Z", "user": 1, "content_type": 8, "object_id": "12", "object_repr": "Formal slim fit shirt", "action_flag": 3, "change_message": ""}}, {"model": "admin.logentry", "pk": 131, "fields": {"action_time": "2022-11-01T19:20:46.205Z", "user": 1, "content_type": 8, "object_id": "11", "object_repr": "Faux leather", "action_flag": 3, "change_message": ""}}, {"model": "admin.logentry", "pk": 132, "fields": {"action_time": "2022-11-01T19:20:46.219Z", "user": 1, "content_type": 8, "object_id": "9", "object_repr": "Clive Derby", "action_flag": 3, "change_message": ""}}, {"model": "admin.logentry", "pk": 133, "fields": {"action_time": "2022-11-01T19:20:46.232Z", "user": 1, "content_type": 8, "object_id": "8", "object_repr": "Regular fit travel shirt", "action_flag": 3, "change_message": ""}}, {"model": "admin.logentry", "pk": 134, "fields": {"action_time": "2022-11-01T19:20:46.248Z", "user": 1, "content_type": 8, "object_id": "7", "object_repr": "Cotton shirt", "action_flag": 3, "change_message": ""}}, {"model": "admin.logentry", "pk": 135, "fields": {"action_time": "2022-11-01T19:20:46.259Z", "user": 1, "content_type": 8, "object_id": "4", "object_repr": "Dark green shirt", "action_flag": 3, "change_message": ""}}, {"model": "admin.logentry", "pk": 136, "fields": {"action_time": "2022-11-01T19:20:46.270Z", "user": 1, "content_type": 8, "object_id": "3", "object_repr": "Mineral blue shirt", "action_flag": 3, "change_message": ""}}, {"model": "admin.logentry", "pk": 137, "fields": {"action_time": "2022-11-01T19:20:46.282Z", "user": 1, "content_type": 8, "object_id": "2", "object_repr": "Marvin's black shoes", "action_flag": 3, "change_message": ""}}, {"model": "admin.logentry", "pk": 138, "fields": {"action_time": "2022-11-01T19:20:46.293Z", "user": 1, "content_type": 8, "object_id": "1", "object_repr": "Marvin's brown shoes", "action_flag": 3, "change_message": ""}}, {"model": "admin.logentry", "pk": 139, "fields": {"action_time": "2022-11-01T19:21:03.060Z", "user": 1, "content_type": 10, "object_id": "21", "object_repr": "Order - #21", "action_flag": 3, "change_message": ""}}, {"model": "admin.logentry", "pk": 140, "fields": {"action_time": "2022-11-01T19:21:03.081Z", "user": 1, "content_type": 10, "object_id": "20", "object_repr": "Order - #20", "action_flag": 3, "change_message": ""}}, {"model": "admin.logentry", "pk": 141, "fields": {"action_time": "2022-11-01T19:25:33.336Z", "user": 1, "content_type": 8, "object_id": "14", "object_repr": "Dark green shirt", "action_flag": 1, "change_message": "[{\"added\": {}}]"}}, {"model": "admin.logentry", "pk": 142, "fields": {"action_time": "2022-11-01T19:26:01.176Z", "user": 1, "content_type": 8, "object_id": "15", "object_repr": "Mineral blue shirt", "action_flag": 1, "change_message": "[{\"added\": {}}]"}}, {"model": "admin.logentry", "pk": 143, "fields": {"action_time": "2022-11-01T19:26:37.777Z", "user": 1, "content_type": 8, "object_id": "16", "object_repr": "Marvin's black shoes", "action_flag": 1, "change_message": "[{\"added\": {}}]"}}, {"model": "admin.logentry", "pk": 144, "fields": {"action_time": "2022-11-01T19:26:56.407Z", "user": 1, "content_type": 8, "object_id": "17", "object_repr": "Marvin's brown shoes", "action_flag": 1, "change_message": "[{\"added\": {}}]"}}, {"model": "admin.logentry", "pk": 145, "fields": {"action_time": "2022-11-01T19:27:07.867Z", "user": 1, "content_type": 8, "object_id": "17", "object_repr": "Marvin's brown shoes", "action_flag": 2, "change_message": "[{\"changed\": {\"fields\": [\"Category\"]}}]"}}, {"model": "admin.logentry", "pk": 146, "fields": {"action_time": "2023-03-10T08:52:08.730Z", "user": 1, "content_type": 10, "object_id": "22", "object_repr": "Order - #22", "action_flag": 3, "change_message": ""}}, {"model": "admin.logentry", "pk": 147, "fields": {"action_time": "2023-03-10T08:52:16.060Z", "user": 1, "content_type": 9, "object_id": "4", "object_repr": "Shipping Address - 4", "action_flag": 3, "change_message": ""}}, {"model": "admin.logentry", "pk": 148, "fields": {"action_time": "2023-03-10T08:58:25.713Z", "user": 1, "content_type": 4, "object_id": "37", "object_repr": "Kate", "action_flag": 3, "change_message": ""}}, {"model": "admin.logentry", "pk": 149, "fields": {"action_time": "2023-03-10T08:58:40.480Z", "user": 1, "content_type": 4, "object_id": "38", "object_repr": "kate", "action_flag": 1, "change_message": "[{\"added\": {}}]"}}, {"model": "admin.logentry", "pk": 150, "fields": {"action_time": "2023-03-10T09:07:16.059Z", "user": 1, "content_type": 10, "object_id": "24", "object_repr": "Order - #24", "action_flag": 3, "change_message": ""}}, {"model": "admin.logentry", "pk": 151, "fields": {"action_time": "2023-03-10T09:07:16.080Z", "user": 1, "content_type": 10, "object_id": "23", "object_repr": "Order - #23", "action_flag": 3, "change_message": ""}}, {"model": "admin.logentry", "pk": 152, "fields": {"action_time": "2023-03-10T09:07:21.702Z", "user": 1, "content_type": 9, "object_id": "6", "object_repr": "Shipping Address - 6", "action_flag": 3, "change_message": ""}}, {"model": "admin.logentry", "pk": 153, "fields": {"action_time": "2023-03-10T09:07:25.918Z", "user": 1, "content_type": 4, "object_id": "38", "object_repr": "kate", "action_flag": 3, "change_message": ""}}, {"model": "admin.logentry", "pk": 154, "fields": {"action_time": "2024-01-10T14:00:34.218Z", "user": 1, "content_type": 10, "object_id": "25", "object_repr": "Order - #25", "action_flag": 3, "change_message": ""}}, {"model": "admin.logentry", "pk": 155, "fields": {"action_time": "2024-01-10T14:09:44.598Z", "user": 1, "content_type": 8, "object_id": "18", "object_repr": "Shirt44", "action_flag": 1, "change_message": "[{\"added\": {}}]"}}, {"model": "admin.logentry", "pk": 156, "fields": {"action_time": "2024-01-10T14:10:25.097Z", "user": 1, "content_type": 8, "object_id": "18", "object_repr": "Shirt44", "action_flag": 3, "change_message": ""}}, {"model": "admin.logentry", "pk": 157, "fields": {"action_time": "2024-10-31T14:35:48.264Z", "user": 40, "content_type": 4, "object_id": "41", "object_repr": "clavino", "action_flag": 3, "change_message": ""}}, {"model": "admin.logentry", "pk": 158, "fields": {"action_time": "2024-10-31T14:50:42.578Z", "user": 40, "content_type": 4, "object_id": "43", "object_repr": "clavino", "action_flag": 3, "change_message": ""}}, {"model": "admin.logentry", "pk": 159, "fields": {"action_time": "2024-10-31T14:51:25.264Z", "user": 40, "content_type": 4, "object_id": "44", "object_repr": "clavino", "action_flag": 3, "change_message": ""}}, {"model": "admin.logentry", "pk": 160, "fields": {"action_time": "2024-10-31T14:57:16.726Z", "user": 40, "content_type": 4, "object_id": "45", "object_repr": "clavino", "action_flag": 3, "change_message": ""}}, {"model": "admin.logentry", "pk": 161, "fields": {"action_time": "2024-10-31T15:00:52.538Z", "user": 40, "content_type": 4, "object_id": "46", "object_repr": "clavino", "action_flag": 3, "change_message": ""}}, {"model": "admin.logentry", "pk": 162, "fields": {"action_time": "2024-10-31T15:03:23.065Z", "user": 40, "content_type": 4, "object_id": "47", "object_repr": "clavino", "action_flag": 3, "change_message": ""}}, {"model": "admin.logentry", "pk": 163, "fields": {"action_time": "2024-10-31T15:05:59.881Z", "user": 40, "content_type": 4, "object_id": "48", "object_repr": "clavino", "action_flag": 3, "change_message": ""}}, {"model": "admin.logentry", "pk": 164, "fields": {"action_time": "2024-10-31T15:20:17.533Z", "user": 40, "content_type": 4, "object_id": "49", "object_repr": "clavino", "action_flag": 3, "change_message": ""}}, {"model": "auth.permission", "pk": 1, "fields": {"name": "Can add log entry", "content_type": 1, "codename": "add_logentry"}}, {"model": "auth.permission", "pk": 2, "fields": {"name": "Can change log entry", "content_type": 1, "codename": "change_logentry"}}, {"model": "auth.permission", "pk": 3, "fields": {"name": "Can delete log entry", "content_type": 1, "codename": "delete_logentry"}}, {"model": "auth.permission", "pk": 4, "fields": {"name": "Can view log entry", "content_type": 1, "codename": "view_logentry"}}, {"model": "auth.permission", "pk": 5, "fields": {"name": "Can add permission", "content_type": 2, "codename": "add_permission"}}, {"model": "auth.permission", "pk": 6, "fields": {"name": "Can change permission", "content_type": 2, "codename": "change_permission"}}, {"model": "auth.permission", "pk": 7, "fields": {"name": "Can delete permission", "content_type": 2, "codename": "delete_permission"}}, {"model": "auth.permission", "pk": 8, "fields": {"name": "Can view permission", "content_type": 2, "codename": "view_permission"}}, {"model": "auth.permission", "pk": 9, "fields": {"name": "Can add group", "content_type": 3, "codename": "add_group"}}, {"model": "auth.permission", "pk": 10, "fields": {"name": "Can change group", "content_type": 3, "codename": "change_group"}}, {"model": "auth.permission", "pk": 11, "fields": {"name": "Can delete group", "content_type": 3, "codename": "delete_group"}}, {"model": "auth.permission", "pk": 12, "fields": {"name": "Can view group", "content_type": 3, "codename": "view_group"}}, {"model": "auth.permission", "pk": 13, "fields": {"name": "Can add user", "content_type": 4, "codename": "add_user"}}, {"model": "auth.permission", "pk": 14, "fields": {"name": "Can change user", "content_type": 4, "codename": "change_user"}}, {"model": "auth.permission", "pk": 15, "fields": {"name": "Can delete user", "content_type": 4, "codename": "delete_user"}}, {"model": "auth.permission", "pk": 16, "fields": {"name": "Can view user", "content_type": 4, "codename": "view_user"}}, {"model": "auth.permission", "pk": 17, "fields": {"name": "Can add content type", "content_type": 5, "codename": "add_contenttype"}}, {"model": "auth.permission", "pk": 18, "fields": {"name": "Can change content type", "content_type": 5, "codename": "change_contenttype"}}, {"model": "auth.permission", "pk": 19, "fields": {"name": "Can delete content type", "content_type": 5, "codename": "delete_contenttype"}}, {"model": "auth.permission", "pk": 20, "fields": {"name": "Can view content type", "content_type": 5, "codename": "view_contenttype"}}, {"model": "auth.permission", "pk": 21, "fields": {"name": "Can add session", "content_type": 6, "codename": "add_session"}}, {"model": "auth.permission", "pk": 22, "fields": {"name": "Can change session", "content_type": 6, "codename": "change_session"}}, {"model": "auth.permission", "pk": 23, "fields": {"name": "Can delete session", "content_type": 6, "codename": "delete_session"}}, {"model": "auth.permission", "pk": 24, "fields": {"name": "Can view session", "content_type": 6, "codename": "view_session"}}, {"model": "auth.permission", "pk": 25, "fields": {"name": "Can add category", "content_type": 7, "codename": "add_category"}}, {"model": "auth.permission", "pk": 26, "fields": {"name": "Can change category", "content_type": 7, "codename": "change_category"}}, {"model": "auth.permission", "pk": 27, "fields": {"name": "Can delete category", "content_type": 7, "codename": "delete_category"}}, {"model": "auth.permission", "pk": 28, "fields": {"name": "Can view category", "content_type": 7, "codename": "view_category"}}, {"model": "auth.permission", "pk": 29, "fields": {"name": "Can add product", "content_type": 8, "codename": "add_product"}}, {"model": "auth.permission", "pk": 30, "fields": {"name": "Can change product", "content_type": 8, "codename": "change_product"}}, {"model": "auth.permission", "pk": 31, "fields": {"name": "Can delete product", "content_type": 8, "codename": "delete_product"}}, {"model": "auth.permission", "pk": 32, "fields": {"name": "Can view product", "content_type": 8, "codename": "view_product"}}, {"model": "auth.permission", "pk": 33, "fields": {"name": "Can add shipping address", "content_type": 9, "codename": "add_shippingaddress"}}, {"model": "auth.permission", "pk": 34, "fields": {"name": "Can change shipping address", "content_type": 9, "codename": "change_shippingaddress"}}, {"model": "auth.permission", "pk": 35, "fields": {"name": "Can delete shipping address", "content_type": 9, "codename": "delete_shippingaddress"}}, {"model": "auth.permission", "pk": 36, "fields": {"name": "Can view shipping address", "content_type": 9, "codename": "view_shippingaddress"}}, {"model": "auth.permission", "pk": 37, "fields": {"name": "Can add order", "content_type": 10, "codename": "add_order"}}, {"model": "auth.permission", "pk": 38, "fields": {"name": "Can change order", "content_type": 10, "codename": "change_order"}}, {"model": "auth.permission", "pk": 39, "fields": {"name": "Can delete order", "content_type": 10, "codename": "delete_order"}}, {"model": "auth.permission", "pk": 40, "fields": {"name": "Can view order", "content_type": 10, "codename": "view_order"}}, {"model": "auth.permission", "pk": 41, "fields": {"name": "Can add order item", "content_type": 11, "codename": "add_orderitem"}}, {"model": "auth.permission", "pk": 42, "fields": {"name": "Can change order item", "content_type": 11, "codename": "change_orderitem"}}, {"model": "auth.permission", "pk": 43, "fields": {"name": "Can delete order item", "content_type": 11, "codename": "delete_orderitem"}}, {"model": "auth.permission", "pk": 44, "fields": {"name": "Can view order item", "content_type": 11, "codename": "view_orderitem"}}, {"model": "auth.user", "pk": 1, "fields": {"password": "pbkdf2_sha256$720000$sqmtjZmrQdvVVia6osBWa5$gzREWvfdDyE/Jt0hzmtII4LW16fjNoA0gvO2dtFNHxg=", "last_login": "2024-01-10T14:10:18.788Z", "is_superuser": true, "username": "arno", "first_name": "", "last_name": "", "email": "", "is_staff": true, "is_active": true, "date_joined": "2022-10-24T18:15:25.510Z", "groups": [], "user_permissions": []}}, {"model": "auth.user", "pk": 39, "fields": {"password": "pbkdf2_sha256$720000$OliiaHbv7U2LRcXOm1sWK3$oAtZS1F0Na0xeT5OsBUc+QdkpuTLpxIvGjY+LlRcaYM=", "last_login": null, "is_superuser": false, "username": "admin", "first_name": "", "last_name": "", "email": "admin@gmail.com", "is_staff": false, "is_active": false, "date_joined": "2024-10-31T14:22:06.510Z", "groups": [], "user_permissions": []}}, {"model": "auth.user", "pk": 40, "fields": {"password": "pbkdf2_sha256$720000$6GJrlKEDTI0t4r0O20gFJb$Jnam3/y8ofaLjkOwEOEROxRbcKmIYb198/KBgNJUN5M=", "last_login": "2024-10-31T16:56:05.994Z", "is_superuser": true, "username": "superadmin", "first_name": "", "last_name": "", "email": "superadmin@gmail.com", "is_staff": true, "is_active": true, "date_joined": "2024-10-31T14:25:56.453Z", "groups": [], "user_permissions": []}}, {"model": "auth.user", "pk": 42, "fields": {"password": "pbkdf2_sha256$720000$YVPg0U55EpmlklzpEQsztM$lXq2zWJ2i4uUkyde+4W5sl89qCMqCtZyyLBhdiPh5SY=", "last_login": null, "is_superuser": false, "username": "buyer", "first_name": "", "last_name": "", "email": "buyer@gmail.com", "is_staff": false, "is_active": false, "date_joined": "2024-10-31T14:29:02.011Z", "groups": [], "user_permissions": []}}, {"model": "auth.user", "pk": 50, "fields": {"password": "pbkdf2_sha256$720000$PVEmtgyu40IXPvOgXmBUVA$8ZfDunayFzGmD2yIjhyLg7qJBx/0K6kHMSzl1dXADFg=", "last_login": "2024-10-31T15:21:12.729Z", "is_superuser": false, "username": "clavino", "first_name": "", "last_name": "", "email": "clavinorach@gmail.com", "is_staff": false, "is_active": true, "date_joined": "2024-10-31T15:20:44.161Z", "groups": [], "user_permissions": []}}, {"model": "contenttypes.contenttype", "pk": 1, "fields": {"app_label": "admin", "model": "logentry"}}, {"model": "contenttypes.contenttype", "pk": 2, "fields": {"app_label": "auth", "model": "permission"}}, {"model": "contenttypes.contenttype", "pk": 3, "fields": {"app_label": "auth", "model": "group"}}, {"model": "contenttypes.contenttype", "pk": 4, "fields": {"app_label": "auth", "model": "user"}}, {"model": "contenttypes.contenttype", "pk": 5, "fields": {"app_label": "contenttypes", "model": "contenttype"}}, {"model": "contenttypes.contenttype", "pk": 6, "fields": {"app_label": "sessions", "model": "session"}}, {"model": "contenttypes.contenttype", "pk": 7, "fields": {"app_label": "store", "model": "category"}}, {"model": "contenttypes.contenttype", "pk": 8, "fields": {"app_label": "store", "model": "product"}}, {"model": "contenttypes.contenttype", "pk": 9, "fields": {"app_label": "payment", "model": "shippingaddress"}}, {"model": "contenttypes.contenttype", "pk": 10, "fields": {"app_label": "payment", "model": "order"}}, {"model": "contenttypes.contenttype", "pk": 11, "fields": {"app_label": "payment", "model": "orderitem"}}, {"model": "sessions.session", "pk": "0k60cocddfbrakj6pwjcz18y4xrwsdwn", "fields": {"session_data": "eyJzZXNzaW9uX2tleSI6e319:1onO2b:pTHU5SvFp2DToMN46m8CfRH8aOvUVQg0irtrKFC2N9A", "expire_date": "2022-11-08T17:48:41.118Z"}}, {"model": "sessions.session", "pk": "0x0ogjlsq9a3e5xidc913qkhjpw6nugv", "fields": {"session_data": "eyJzZXNzaW9uX2tleSI6eyJmYXZfbnVtYmVyIjoxM319:1onO3T:rZShOHNrGiWgZdkgbMG8wDkBhomSWZ2a_YSAJi50_i8", "expire_date": "2022-11-08T17:49:35.867Z"}}, {"model": "sessions.session", "pk": "14p7lgz6ea4hpmjfquqya2niwheb0nos", "fields": {"session_data": "eyJzZXNzaW9uX2tleSI6e319:1opIRJ:yP9MR-8wZnN08PckFOrdAaABovKpfGgxj_0F3XwAwsg", "expire_date": "2022-11-14T00:14:05.984Z"}}, {"model": "sessions.session", "pk": "1q4apax3jv1ervtrin3p3ej7kpuuwfor", "fields": {"session_data": "eyJzZXNzaW9uX2tleSI6e319:1onQwG:tpQ3YQMfjMkF9O6CVZuqbUTkK8y9CgRt-mZYs8BDR7c", "expire_date": "2022-11-08T20:54:20.073Z"}}, {"model": "sessions.session", "pk": "1vit6znpjqs59xkcnh3ugfskn1wv6vns", "fields": {"session_data": "eyJzZXNzaW9uX2tleSI6e319:1oo0iK:4gGIklAopZeEuuDbixsGS8LY3x54lnU3NB6vz6-O104", "expire_date": "2022-11-10T11:06:20.764Z"}}, {"model": "sessions.session", "pk": "21lepfeglqpyi7bfvcdotlde58d3dbs8", "fields": {"session_data": "eyJzZXNzaW9uX2tleSI6e319:1onRGH:jsgJHrNxTQgmZK66pH6QPPIiIPhi_Vu89qp3H_MzvLo", "expire_date": "2022-11-08T21:15:01.056Z"}}, {"model": "sessions.session", "pk": "2o99hsvvdoa1jwap9b7gp3o9vsyujsub", "fields": {"session_data": ".eJyrVipOLS7OzM-Lz06tVLKqVjIBEQVFmcmpSlZKlnqWlko6SoUlQCnDWh0lY3ySRsiShqiytbUAf4IeVA:1oo0Zx:71_kGsobDBxGkxjHBC6GVov5jll_x4GhH8cBoCL3vpQ", "expire_date": "2022-11-10T10:57:41.740Z"}}, {"model": "sessions.session", "pk": "554949wpl5txyay2zy24uig5z0q1hxub", "fields": {"session_data": ".eJyrVipOLS7OzM-Lz06tVLKqVjIEEQVFmcmpSlZKhpZ6lpZKOkqFJUA5w1odJSO8ssbIsuiSJrgla2sBbP8mPw:1onhZq:d6Gb_YDAAkprhBwnmAA358Dds1lBAt1lsDC5geI9o7s", "expire_date": "2022-11-09T14:40:18.945Z"}}, {"model": "sessions.session", "pk": "580o2832ppv0a3m78gyobzk2sil688ti", "fields": {"session_data": "eyJzZXNzaW9uX2tleSI6e319:1onNmZ:WdwaqcARlJnGLtb1Y5UNm-RlFTfFQfZtDgiwvbZ4gGc", "expire_date": "2022-11-08T17:32:07.839Z"}}, {"model": "sessions.session", "pk": "5k8vs23n4yg26etroalm0cgdl24csxbm", "fields": {"session_data": "eyJzZXNzaW9uX2tleSI6e319:1onOs0:i36Vcd8cOESN1Zh2JxDVMUF958P8Isud4cyPST8Esf0", "expire_date": "2022-11-08T18:41:48.743Z"}}, {"model": "sessions.session", "pk": "5selc9b6ldrnn1r28clgms16mkk9r1fs", "fields": {"session_data": "eyJzZXNzaW9uX2tleSI6e319:1onQmU:Y01WqEU6gyz0HWJ4pv4ypsb5zggeunWtDFKlOanczDM", "expire_date": "2022-11-08T20:44:14.470Z"}}, {"model": "sessions.session", "pk": "5wj41dlcr6t3727dm2eaj6rk2o3ex61a", "fields": {"session_data": ".eJyrVipOLS7OzM-Lz06tVLKqVjIGEQVFmcmpSlZKlnqWlko6SoUlQCnDWh0lI2RJQ3RZQzyytbUAmYsegg:1onhT3:Tezuc2RLmuiwie9PH09R8wTlI-zf5UJ5E-xxIQJPcJM", "expire_date": "2022-11-09T14:33:17.374Z"}}, {"model": "sessions.session", "pk": "aivw62iquz8aw3br3idalqkja3upj4n6", "fields": {"session_data": ".eJyrVipOLS7OzM-Lz06tVLKqVjIBEQVFmcmpSlZKlnqWlko6SoUlQCnDWh0lI2RJQ3RZY9xaa2sBfTYeVA:1onhTM:cDpjSxAyS7XjyuSk53BhgW9_XLeIBoyPvOHHbeCMubU", "expire_date": "2022-11-09T14:33:36.695Z"}}, {"model": "sessions.session", "pk": "bjuixz5i7b0gc7oa252rq2w2694vcmr0", "fields": {"session_data": "eyJzZXNzaW9uX2tleSI6e319:1onO7u:RY4Cao1Ae7ogVv54g8y8HA_ObvKVlJvCpbA5Cxuhui4", "expire_date": "2022-11-08T17:54:10.556Z"}}, {"model": "sessions.session", "pk": "er4tk4rkp7433kj9qua5ybg4mu3i4npe", "fields": {"session_data": ".eJyrVipOLS7OzM-Lz06tVLKqVjIGEQVFmcmpSlZKlnqWlko6SoUlQCnDWh0lQ2RJQ3RZIzyytbUAmW0egg:1ongnx:jwZGYU5yRRVOdfrlMQ19xX8oiSpW4XmiOPnABH_IwH4", "expire_date": "2022-11-09T13:50:49.926Z"}}, {"model": "sessions.session", "pk": "f0y3651eoaz1fuitqh1p70s6slb5b54w", "fields": {"session_data": ".eJyrVipOLS7OzM-Lz06tVLKqVjIEEQVFmcmpSlZKhpZ6lpZKOkqFJUA5w1odJSO8ssbIsuiSJrgkjWprawFtAyZA:1onkQU:hUiecAMpYFK-W_2ZKT1aQBboEsmhHvTZwdUPSgZ3ZCM", "expire_date": "2022-11-09T17:42:50.282Z"}}, {"model": "sessions.session", "pk": "fhf9mq59q578was9009xixqu09clnvz5", "fields": {"session_data": "eyJzZXNzaW9uX2tleSI6e319:1onQJs:tQskKM98VqGEp_AFV2fAMXyBToQOir2oyEN6PqbVpM4", "expire_date": "2022-11-08T20:14:40.657Z"}}, {"model": "sessions.session", "pk": "fovae7lgi1koqu0ob3wyqfhcrkg2utsu", "fields": {"session_data": ".eJyrVipOLS7OzM-Lz06tVLKqVjIBEQVFmcmpSlZKlnqWlko6SoUlQCnDWh0lY9yStbUAdb0WaA:1onnL5:L6yp_C3RJYfT-kCKDfiPDLND9qrFulMvNJ5BtcZO6sk", "expire_date": "2022-11-09T20:49:27.130Z"}}, {"model": "sessions.session", "pk": "fxr6tk81vb8b9pkoa50dfi9l3xs5yq11", "fields": {"session_data": ".eJyrVipOLS7OzM-Lz06tVLKqVjICEQVFmcmpSlZKhpZ6lpZKOkqFJUA5w1odJRNkWXRJQzxaa2sBl3oegw:1onhUJ:zFchPmJjMh4_IHizwqO8VMB6TLtyS2P4Frh9ArXxbMY", "expire_date": "2022-11-09T14:34:35.169Z"}}, {"model": "sessions.session", "pk": "gcum3h1bfpngw5nrj2o8gvpna5l633qf", "fields": {"session_data": "eyJzZXNzaW9uX2tleSI6e319:1oo0bf:ULJCjych7JvSkOGYYdh77Dm1FARidSh0sR7e4t2LUHc", "expire_date": "2022-11-10T10:59:27.139Z"}}, {"model": "sessions.session", "pk": "h45kua6gxxtag0gnwoib8zuuhzekiqg2", "fields": {"session_data": ".eJyrVipOLS7OzM-Lz06tVLKqVjIEEQVFmcmpSlZKhpZ6lpZKOkqFJUA5w1odJSO8ssbIsuiSJrgla2sBbP8mPw:1ongpI:g4wadI23G5BhgqLDExc1f7QQa3e6S3nFXBLvMhhZNVc", "expire_date": "2022-11-09T13:52:12.353Z"}}, {"model": "sessions.session", "pk": "hxsn60hv22o3gilkayxh3vvhwbark8d1", "fields": {"session_data": "eyJzZXNzaW9uX2tleSI6e319:1onOA4:ecS1XxfLbzNIqWhJwcnbDrW1_OWzkOeNVK4Qzhe6wmA", "expire_date": "2022-11-08T17:56:24.559Z"}}, {"model": "sessions.session", "pk": "i1kxvxs0ftryjl3a6d1ywj36j0ok4lqy", "fields": {"session_data": "eyJzZXNzaW9uX2tleSI6e319:1onNgx:RGuf0xQmiQY5rDsKjSXlBSdz_L7S7NWm6Wawf0YRZ50", "expire_date": "2022-11-08T17:26:19.468Z"}}, {"model": "sessions.session", "pk": "it89778vxa15avrfnk9tbrbep2wcjug7", "fields": {"session_data": ".eJyrVipOLS7OzM-Lz06tVLKqVjIEEQVFmcmpSlZKhpZ6lpZKOkqFJUA5w1odJSO8ssbIsuiSJrgkjWprawFtAyZA:1onkbT:-rYT3c3Udgd2WANZcZxM4PB300N0ry4Ph1G7p_4Civo", "expire_date": "2022-11-09T17:54:11.520Z"}}, {"model": "sessions.session", "pk": "jbuqu3rg5pz3gb0fzx0wmt6mrqq3j31l", "fields": {"session_data": ".eJxVjEEOgyAQRe_CuiGAKNBl9z0DGWam1dpAIrpojHevJi7a7X_vv1VEWOY-LpWnOJC4CqvE5XdMgCPng9AL8rNILHmehiQPRZ60ynshft9O9y_QQ-33t2oIFQWfLOIjdM4Tex0a6xS1prGNMdA6n8AGBIQUggkauXVAndKazR6tXOtQchz5I67rtn0B69o-JA:1t6vRc:l48E-KLsALTje0rxzPSey_eZa5UXrDex5bkGbOetUjU", "expire_date": "2024-11-15T17:28:20.595Z"}}, {"model": "sessions.session", "pk": "jc0dkb2g7jx6lubhxz4dwenhm4llts5b", "fields": {"session_data": ".eJxVjDsOgzAQBe-ydWTZAWxDmT5nsLwfAiGyJQxFhLh7gkRD-2bmbVCklDGnMMkXum2_QYjrMoS1yBxGhg4MXDaMNEk6AL9jemVFOS3ziOpQ1EmLemaWz-N0LwdDLMO_7gmtxNYTN9YYLQ4d10LW-0o33rW17h1bYY0a0beO2AhpGz1V9i6mgv0HbGg-ig:1opFz0:gX4RLYNJfv6HhgFJgasetJ0SwwsAV4Bnvv4RD3S5ciI", "expire_date": "2022-11-13T21:36:42.996Z"}}, {"model": "sessions.session", "pk": "jd0y8yapaqfv4olj7112fx09lkzjrn7v", "fields": {"session_data": "eyJzZXNzaW9uX2tleSI6e319:1opI7t:YUy9S7CC73keM7y8JumCNniHOQB2WCAd1Z3aW238eZo", "expire_date": "2022-11-13T23:54:01.624Z"}}, {"model": "sessions.session", "pk": "kivz9p1c704vj42fdzojd4gkbgxoowft", "fields": {"session_data": "eyJzZXNzaW9uX2tleSI6e319:1oo0Dk:f4c2YOfsU1UYS6GzaxNPP2hQCR1tAWCCvNvp-5UKUpk", "expire_date": "2022-11-10T10:34:44.688Z"}}, {"model": "sessions.session", "pk": "laqfn2jjt2ianbcc76vuk7k5tgoya9s7", "fields": {"session_data": ".eJxVjDsOgzAQBe-ydWSx_mEo0-cMls0ugRDZEoYiQtw9INHQvpl5GxQuZczJT_yDdtsf4MO6DH4tPPuRoAVl4TbG0E2cTkKfkN5ZdDkt8xjFqYiLFvHKxN_n5d4OhlCGo7aVMogmKrRGc8ToDNcoqdFEqmejHNuKHVKUoTuAlLVtQlP3DpUlo2H_A10XPWk:1opwwz:9Z6LPPuK5TJVKUPb0KjUbf7zz505xo1eHWONyVw6-kM", "expire_date": "2022-11-15T19:29:29.393Z"}}, {"model": "sessions.session", "pk": "lt77scwz0svoioj45yyrq2u96lx31oqo", "fields": {"session_data": "eyJzZXNzaW9uX2tleSI6eyIyIjp7InByaWNlIjoiMTkuOTkiLCJxdHkiOjF9fX0:1onhA4:oxNsRELOmov_tmZPudzs7VUroPXD_P3jCNQRUtVljnI", "expire_date": "2022-11-09T14:13:40.189Z"}}, {"model": "sessions.session", "pk": "ms3s0ng73xala50scj335m4q5loti7rl", "fields": {"session_data": "eyJzZXNzaW9uX2tleSI6e319:1rNZHn:4q78OOmD-jSBOJFo3irqhZb-ST1Tt9NygCYtHEV5wlQ", "expire_date": "2024-01-24T14:10:27.013Z"}}, {"model": "sessions.session", "pk": "nf6h7vla0ndyna4ye8ktqo9afntljd3t", "fields": {"session_data": "eyJzZXNzaW9uX2tleSI6e319:1opaXo:EYvjBfE3gyqYmUPoGM26eVXfIsu2TC-QuhPyNk-gMWM", "expire_date": "2022-11-14T19:34:00.933Z"}}, {"model": "sessions.session", "pk": "nyk21cn48n6s93vi8cgy63wu8zvfm0wl", "fields": {"session_data": "eyJzZXNzaW9uX2tleSI6e319:1opElq:FoHCn4LdlphDvWHGjlrDmBMohzFRhMwf5sRP3BXD8cE", "expire_date": "2022-11-13T20:19:02.829Z"}}, {"model": "sessions.session", "pk": "o3m27pcg6gyem5njgbmp6s3kqae0s7we", "fields": {"session_data": "eyJzZXNzaW9uX2tleSI6e319:1opfVY:MDs0uyzdeGC--4LuUEONoX-ORmgM_WBQalpkAaQch4E", "expire_date": "2022-11-15T00:52:00.151Z"}}, {"model": "sessions.session", "pk": "ot2xml1tk78pufd4oedwkl36tg7kr7x4", "fields": {"session_data": "eyJzZXNzaW9uX2tleSI6eyIzIjp7InByaWNlIjoiOS45OSIsInF0eSI6MX19fQ:1onQJ9:hB3veo1TKrLbh8cJbcPoj5ui_qYDfDyoKyBMXlhcc0E", "expire_date": "2022-11-08T20:13:55.021Z"}}, {"model": "sessions.session", "pk": "pqecpimignu5d1qg83p08z9e9wm3ewi3", "fields": {"session_data": "eyJzZXNzaW9uX2tleSI6e319:1onO2O:ioXGhyulF_lIS-7_E3rdtxMmRyAXXZSRYT_1XoCMbxA", "expire_date": "2022-11-08T17:48:28.129Z"}}, {"model": "sessions.session", "pk": "pxd4743x7t7uy1bjqq0bjzzvauyqkqj3", "fields": {"session_data": "eyJzZXNzaW9uX2tleSI6e319:1onQ2W:u7CiP1R27-JzBu4H6uWpzdOhW6d_ijtYtT_xHuxE8zo", "expire_date": "2022-11-08T19:56:44.572Z"}}, {"model": "sessions.session", "pk": "q58y2hs1ca4ngald7ancnwhzl3jma3p7", "fields": {"session_data": "eyJzZXNzaW9uX2tleSI6eyIzIjp7InByaWNlIjoiOS45OSIsInF0eSI6MX19fQ:1oonFQ:in0NOS5zBhYRApIVGgupCkeSulSSMdUmRs_-KXsCSkM", "expire_date": "2022-11-12T14:55:44.166Z"}}, {"model": "sessions.session", "pk": "qomqmud6febw0ampfwaj3l5hjxceelsu", "fields": {"session_data": ".eJyrVipOLS7OzM-Lz06tVLKqVjIEEQVFmcmpSlZKhpZ6lpZKOkqFJUA5w1odJSO8ssbIsuiSJrgla2sBbP8mPw:1onkYH:FT-X0UW3wXfUa2qVEBN8GExq-lprqu37H3yZclydWCI", "expire_date": "2022-11-09T17:50:53.572Z"}}, {"model": "sessions.session", "pk": "rcxo71lu3dr7asyy71l0u6q1a7pj1y8p", "fields": {"session_data": "eyJzZXNzaW9uX2tleSI6e319:1onO1p:OUdQSmu0z0NrTWapleB8ltXB6vrqvPz5qMdn2yEcBNU", "expire_date": "2022-11-08T17:47:53.748Z"}}, {"model": "sessions.session", "pk": "rzm0mp4vokv599chyrfycbfm61r9b7v2", "fields": {"session_data": "eyJzZXNzaW9uX2tleSI6eyIzIjp7InByaWNlIjoiOS45OSIsInF0eSI6MX19fQ:1opBaC:NlyAAoLla_G57IKtxZwOAut93rYawEjP1Yk4Hf4RipY", "expire_date": "2022-11-13T16:54:48.959Z"}}, {"model": "sessions.session", "pk": "t8rehi3lm6e3nht4erwf33kueq603sfu", "fields": {"session_data": "eyJzZXNzaW9uX2tleSI6e319:1onnKg:nBOZxQjv33xzcljIoinyBOaR-ZLLaLmaRXSARWCHl48", "expire_date": "2022-11-09T20:49:02.603Z"}}, {"model": "sessions.session", "pk": "tey0lmcwwwmqmb4xog83ug70j4gw9q14", "fields": {"session_data": "eyJzZXNzaW9uX2tleSI6e319:1paYik:ObGfFxzB56OKNSjqA5cGdC-cPBMJxKiWYV6_1Q3Wscc", "expire_date": "2023-03-24T09:07:26.791Z"}}, {"model": "sessions.session", "pk": "u8nh58i1c8ow6rnmvswmne79mttwf60w", "fields": {"session_data": "eyJzZXNzaW9uX2tleSI6e319:1onO56:O8O7oMW7TcuDQtYql9A2tr-8VOkGEC9UPqI-9S_cZSQ", "expire_date": "2022-11-08T17:51:16.982Z"}}, {"model": "sessions.session", "pk": "uder2qwnesbgkc9tmgvu8vl360fck3it", "fields": {"session_data": "eyJzZXNzaW9uX2tleSI6e319:1onNmQ:uCEZ0qNfGk_ZWe-Mj2JQ7uuqh473KzI7CVnFAMUNB6M", "expire_date": "2022-11-08T17:31:58.798Z"}}, {"model": "sessions.session", "pk": "uvxe1tw5jbsfgr3teveu6mrwm1qk4jtd", "fields": {"session_data": "eyJzZXNzaW9uX2tleSI6e319:1onOm7:yh3EUKPIKSGqBjd8Gb5vQ5Jra_vUwj0TYCoqqwjoktM", "expire_date": "2022-11-08T18:35:43.193Z"}}, {"model": "sessions.session", "pk": "v5s1qppkjbmeiba5igaik3tvqrqt0no1", "fields": {"session_data": "eyJzZXNzaW9uX2tleSI6eyJmYXZfbnVtYmVyIjoxM319:1onOEA:eKDJBBBIi-Qtuth58aF97OrgJncxFsAq4f6eriMHhJU", "expire_date": "2022-11-08T18:00:38.784Z"}}, {"model": "sessions.session", "pk": "vr89ofk9ra7w41yo2hv70yj82hdt5edr", "fields": {"session_data": ".eJyrVipOLS7OzM-Lz06tVLKqVjIEEQVFmcmpSlZKhpZ6lpZKOkqFJUA5k1odJWNkWWRJw9raWgCIPhaZ:1onkke:jVVYwtT7OOCjIk8KHT_DjZOItg5y9Z7vgWWvSnbZVTI", "expire_date": "2022-11-09T18:03:40.834Z"}}, {"model": "sessions.session", "pk": "w3pgvh8ljfglljpw8r1dtvncxluqrtyq", "fields": {"session_data": "eyJzZXNzaW9uX2tleSI6e319:1onOGZ:SsouLRNcU0lVYsHT74ih-P-u-o3drt9KtxdGZVN15IA", "expire_date": "2022-11-08T18:03:07.654Z"}}, {"model": "sessions.session", "pk": "wsqqgnlxpm80hklt4vx9o3uxmzpeaa5t", "fields": {"session_data": "eyJzZXNzaW9uX2tleSI6e319:1onO8z:IM7m0jAAfqW15V8OAur_IppHz9yG4gu__h49ELHDDfQ", "expire_date": "2022-11-08T17:55:17.857Z"}}, {"model": "sessions.session", "pk": "xds1e35938jxa3midwwzotomx7tcwdmz", "fields": {"session_data": ".eJyrVipOLS7OzM-Lz06tVLKqVjIBEQVFmcmpSlZKlnqWlko6SgXxhSVAScNaHSVDZGlDdPnaWgDyaRg1:1onOnm:Mkwt912gEKGZETqFD3fxkjS-y_Br1C0dgqLGcv6TDNM", "expire_date": "2022-11-08T18:37:26.364Z"}}, {"model": "sessions.session", "pk": "xud2zgu9q1ggbxg8so1tq58vz94mpt56", "fields": {"session_data": "eyJzZXNzaW9uX2tleSI6eyIyIjp7InByaWNlIjoiMTkuOTkiLCJxdHkiOjF9fX0:1opBRq:Tab9d0B1kaosqFIShmy6pH7yIb0ZqaHZMTwvhUttl_k", "expire_date": "2022-11-13T16:46:10.536Z"}}, {"model": "sessions.session", "pk": "ybrsq8lfcfeb42uys54c1hdslpgdbcn4", "fields": {"session_data": "eyJzZXNzaW9uX2tleSI6e319:1onOqc:vy4SqpVYzIkOZ7BIwG9IfXx64i0nc1bij8kQ-YWwbwE", "expire_date": "2022-11-08T18:40:22.346Z"}}, {"model": "sessions.session", "pk": "z7g8vn80i0tut37auda2ehigel7efhtt", "fields": {"session_data": "eyJzZXNzaW9uX2tleSI6e319:1onQp2:r0NsM4ABnbeeYtZHZrXGy52dIL6yBORa9dTJkpMLcFQ", "expire_date": "2022-11-08T20:46:52.479Z"}}, {"model": "sessions.session", "pk": "zobewz7xenz7qcby344ap2sjedl4pvyf", "fields": {"session_data": ".eJyrVipOLS7OzM-Lz06tVLKqVjIEEQVFmcmpSlZKhpZ6lpZKOkqFJUA5w1odJSO8ssbIsqiStbUAlLgegg:1onhXr:HR53QPQm4i4Mpn9X2oT8sDYzEKFAb5NBWQRd76s4Bww", "expire_date": "2022-11-09T14:38:15.395Z"}}, {"model": "store.category", "pk": 1, "fields": {"name": "shoes", "slug": "shoes"}}, {"model": "store.category", "pk": 2, "fields": {"name": "shirts", "slug": "shirts"}}, {"model": "store.product", "pk": 14, "fields": {"category": 2, "title": "Dark green shirt", "brand": "un-branded", "description": "Stylish.", "slug": "dark-green-shirt", "price": "9.99", "image": "images/Dark_green_shirt.jpg"}}, {"model": "store.product", "pk": 15, "fields": {"category": 2, "title": "Mineral blue shirt", "brand": "un-branded", "description": "Trendy.", "slug": "mineral-blue-shirt", "price": "9.99", "image": "images/Mineral_blue_shirt.jpg"}}, {"model": "store.product", "pk": 16, "fields": {"category": 1, "title": "Marvin's black shoes", "brand": "Marvin", "description": "The latest in shoe fashion.", "slug": "marvins-black-shoes", "price": "19.99", "image": "images/Marvins_black_shoes.jpg"}}, {"model": "store.product", "pk": 17, "fields": {"category": 1, "title": "Marvin's brown shoes", "brand": "un-branded", "description": "The latest in shoe fashion.", "slug": "marvins-brown-shoes", "price": "19.99", "image": "images/Marvins_brown_shoes.jpg"}}, {"model": "payment.order", "pk": 26, "fields": {"full_name": "Clavino Ourizqi Rachmadi", "email": "clavinorach@gmail.com", "shipping_address": "Grand Depok City Sektor Melati B2 No 15 RT 01 RW 05, Cilodong,Depok16413\nDepok\nKOTA DEPOK\nJAWA BARAT\n16413", "amount_paid": "9.99", "date_ordered": "2024-11-01T09:41:04.611Z", "user": 40}}, {"model": "payment.order", "pk": 27, "fields": {"full_name": "Clavino Ourizqi Rachmadi", "email": "clavinorach@gmail.com", "shipping_address": "Grand Depok City Sektor Melati B2 No 15 RT 01 RW 05, Cilodong,Depok16413\nas\nKOTA DEPOK\nJAWA BARAT\n16413", "amount_paid": "9.99", "date_ordered": "2024-11-01T13:53:39.729Z", "user": 40}}, {"model": "payment.order", "pk": 28, "fields": {"full_name": "Clavino Ourizqi Rachmadi", "email": "clavinorach@gmail.com", "shipping_address": "Grand Depok City Sektor Melati B2 No 15 RT 01 RW 05, Cilodong,Depok16413\ndEPOK\nKOTA DEPOK\nJAWA BARAT\n16413", "amount_paid": "9.99", "date_ordered": "2024-11-01T13:58:34.079Z", "user": 40}}, {"model": "payment.order", "pk": 29, "fields": {"full_name": "Clavino Ourizqi Rachmadi", "email": "clavinorach@gmail.com", "shipping_address": "Grand Depok City Sektor Melati B2 No 15 RT 01 RW 05, Cilodong,Depok16413\nasdasd\nKOTA DEPOK\nJAWA BARAT\n16413", "amount_paid": "9.99", "date_ordered": "2024-11-01T14:00:44.581Z", "user": 40}}, {"model": "payment.order", "pk": 30, "fields": {"full_name": "Clavino Ourizqi Rachmadi", "email": "clavinorach@gmail.com", "shipping_address": "Grand Depok City Sektor Melati B2 No 15 RT 01 RW 05, Cilodong,Depok16413\nDepok\nKOTA DEPOK\nJAWA BARAT\n16413", "amount_paid": "9.99", "date_ordered": "2024-11-01T16:53:30.569Z", "user": 40}}, {"model": "payment.order", "pk": 31, "fields": {"full_name": "Clavino Ourizqi Rachmadi", "email": "clavinorach@gmail.com", "shipping_address": "Grand Depok City Sektor Melati B2 No 15 RT 01 RW 05, Cilodong,Depok16413\naa\nKOTA DEPOK\nJAWA BARAT\n16413", "amount_paid": "9.99", "date_ordered": "2024-11-01T16:56:52.408Z", "user": 40}}, {"model": "payment.order", "pk": 32, "fields": {"full_name": "Clavino Ourizqi Rachmadi", "email": "clavinorach@gmail.com", "shipping_address": "Grand Depok City Sektor Melati B2 No 15 RT 01 RW 05, Cilodong,Depok16413\naa\nKOTA DEPOK\nJAWA BARAT\n16413", "amount_paid": "9.99", "date_ordered": "2024-11-01T17:13:44.604Z", "user": 40}}, {"model": "payment.order", "pk": 33, "fields": {"full_name": "Clavino Ourizqi Rachmadi", "email": "clavinorach@gmail.com", "shipping_address": "Grand Depok City Sektor Melati B2 No 15 RT 01 RW 05, Cilodong,Depok16413\naa\nKOTA DEPOK\nJAWA BARAT\n16413", "amount_paid": "9.99", "date_ordered": "2024-11-01T17:15:24.411Z", "user": 40}}, {"model": "payment.order", "pk": 34, "fields": {"full_name": "Clavino Ourizqi Rachmadi", "email": "clavinorach@gmail.com", "shipping_address": "Grand Depok City Sektor Melati B2 No 15 RT 01 RW 05, Cilodong,Depok16413\naa\nKOTA DEPOK\nJAWA BARAT\n16413", "amount_paid": "9.99", "date_ordered": "2024-11-01T17:16:50.468Z", "user": 40}}, {"model": "payment.order", "pk": 35, "fields": {"full_name": "Clavino Ourizqi Rachmadi", "email": "clavinorach@gmail.com", "shipping_address": "Grand Depok City Sektor Melati B2 No 15 RT 01 RW 05, Cilodong,Depok16413\naa\nKOTA DEPOK\nJAWA BARAT\n16413", "amount_paid": "9.99", "date_ordered": "2024-11-01T17:18:38.535Z", "user": 40}}, {"model": "payment.order", "pk": 36, "fields": {"full_name": "Clavino Ourizqi Rachmadi", "email": "clavinorach@gmail.com", "shipping_address": "Grand Depok City Sektor Melati B2 No 15 RT 01 RW 05, Cilodong,Depok16413\naa\nKOTA DEPOK\nJAWA BARAT\n16413", "amount_paid": "9.99", "date_ordered": "2024-11-01T17:21:31.623Z", "user": 40}}, {"model": "payment.order", "pk": 37, "fields": {"full_name": "Clavino Ourizqi Rachmadi", "email": "clavinorach@gmail.com", "shipping_address": "Grand Depok City Sektor Melati B2 No 15 RT 01 RW 05, Cilodong,Depok16413\naa\nKOTA DEPOK\nJAWA BARAT\n16413", "amount_paid": "9.99", "date_ordered": "2024-11-01T17:23:33.573Z", "user": 40}}, {"model": "payment.order", "pk": 38, "fields": {"full_name": "Clavino Ourizqi Rachmadi", "email": "clavinorach@gmail.com", "shipping_address": "Grand Depok City Sektor Melati B2 No 15 RT 01 RW 05, Cilodong,Depok16413\naa\nKOTA DEPOK\nJAWA BARAT\n16413", "amount_paid": "9.99", "date_ordered": "2024-11-01T17:25:02.957Z", "user": 40}}, {"model": "payment.order", "pk": 39, "fields": {"full_name": "Clavino Ourizqi Rachmadi", "email": "clavinorach@gmail.com", "shipping_address": "Grand Depok City Sektor Melati B2 No 15 RT 01 RW 05, Cilodong,Depok16413\naa\nKOTA DEPOK\nJAWA BARAT\n16413", "amount_paid": "9.99", "date_ordered": "2024-11-01T17:26:32.446Z", "user": 40}}, {"model": "payment.order", "pk": 40, "fields": {"full_name": "Clavino Ourizqi Rachmadi", "email": "clavinorach@gmail.com", "shipping_address": "Grand Depok City Sektor Melati B2 No 15 RT 01 RW 05, Cilodong,Depok16413\naa\nKOTA DEPOK\nJAWA BARAT\n16413", "amount_paid": "9.99", "date_ordered": "2024-11-01T17:28:20.557Z", "user": 40}}, {"model": "payment.orderitem", "pk": 31, "fields": {"order": 26, "product": 15, "quantity": 1, "price": "9.99", "user": 40}}, {"model": "payment.orderitem", "pk": 32, "fields": {"order": 27, "product": 15, "quantity": 1, "price": "9.99", "user": 40}}, {"model": "payment.orderitem", "pk": 33, "fields": {"order": 28, "product": 15, "quantity": 1, "price": "9.99", "user": 40}}, {"model": "payment.orderitem", "pk": 34, "fields": {"order": 29, "product": 15, "quantity": 1, "price": "9.99", "user": 40}}, {"model": "payment.orderitem", "pk": 35, "fields": {"order": 30, "product": 15, "quantity": 1, "price": "9.99", "user": 40}}, {"model": "payment.orderitem", "pk": 36, "fields": {"order": 31, "product": 15, "quantity": 1, "price": "9.99", "user": 40}}, {"model": "payment.orderitem", "pk": 37, "fields": {"order": 32, "product": 15, "quantity": 1, "price": "9.99", "user": 40}}, {"model": "payment.orderitem", "pk": 38, "fields": {"order": 33, "product": 15, "quantity": 1, "price": "9.99", "user": 40}}, {"model": "payment.orderitem", "pk": 39, "fields": {"order": 34, "product": 15, "quantity": 1, "price": "9.99", "user": 40}}, {"model": "payment.orderitem", "pk": 40, "fields": {"order": 35, "product": 15, "quantity": 1, "price": "9.99", "user": 40}}, {"model": "payment.orderitem", "pk": 41, "fields": {"order": 36, "product": 15, "quantity": 1, "price": "9.99", "user": 40}}, {"model": "payment.orderitem", "pk": 42, "fields": {"order": 37, "product": 15, "quantity": 1, "price": "9.99", "user": 40}}, {"model": "payment.orderitem", "pk": 43, "fields": {"order": 38, "product": 15, "quantity": 1, "price": "9.99", "user": 40}}, {"model": "payment.orderitem", "pk": 44, "fields": {"order": 39, "product": 15, "quantity": 1, "price": "9.99", "user": 40}}, {"model": "payment.orderitem", "pk": 45, "fields": {"order": 40, "product": 15, "quantity": 1, "price": "9.99", "user": 40}}]
